Category,Last Name
American Indian and Alaska Native,Begay
American Indian and Alaska Native,Yazzie
American Indian and Alaska Native,Benally
American Indian and Alaska Native,Tsosie
American Indian and Alaska Native,Nez
American Indian and Alaska Native,Begaye
American Indian and Alaska Native,Etsitty
American Indian and Alaska Native,Becenti
American Indian and Alaska Native,Yellowhair
American Indian and Alaska Native,Manygoats
American Indian and Alaska Native,Wauneka
American Indian and Alaska Native,Manuelito
American Indian and Alaska Native,Apachito
American Indian and Alaska Native,Bedonie
American Indian and Alaska Native,Calabaza
American Indian and Alaska Native,Peshlakai
American Indian and Alaska Native,Claw
American Indian and Alaska Native,Roanhorse
American Indian and Alaska Native,Goldtooth
American Indian and Alaska Native,Etcitty
American Indian and Alaska Native,Tsinnijinnie
American Indian and Alaska Native,Notah
American Indian and Alaska Native,Clah
American Indian and Alaska Native,Atcitty
American Indian and Alaska Native,Twobulls
American Indian and Alaska Native,Werito
American Indian and Alaska Native,Hosteen
American Indian and Alaska Native,Yellowman
American Indian and Alaska Native,Attakai
American Indian and Alaska Native,Bitsui
American Indian and Alaska Native,Delgarito
American Indian and Alaska Native,Henio
American Indian and Alaska Native,Goseyun
American Indian and Alaska Native,Keams
American Indian and Alaska Native,Secatero
American Indian and Alaska Native,Declay
American Indian and Alaska Native,Tapaha
American Indian and Alaska Native,Beyale
American Indian and Alaska Native,Haskie
American Indian and Alaska Native,Cayaditto
American Indian and Alaska Native,Blackhorse
American Indian and Alaska Native,Ethelbah
American Indian and Alaska Native,Tsinnie
American Indian and Alaska Native,Walkingeagle
American Indian and Alaska Native,Altaha
American Indian and Alaska Native,Bitsilly
American Indian and Alaska Native,Wassillie
American Indian and Alaska Native,Benallie
American Indian and Alaska Native,Smallcanyon
American Indian and Alaska Native,Littledog
American Indian and Alaska Native,Cosay
American Indian and Alaska Native,Clitso
American Indian and Alaska Native,Tessay
American Indian and Alaska Native,Secody
American Indian and Alaska Native,Bigcrow
American Indian and Alaska Native,Tabaha
American Indian and Alaska Native,Chasinghawk
American Indian and Alaska Native,Blueeyes
American Indian and Alaska Native,Olanna
American Indian and Alaska Native,Blackgoat
American Indian and Alaska Native,Cowboy
American Indian and Alaska Native,Kanuho
American Indian and Alaska Native,Shije
American Indian and Alaska Native,Gishie
American Indian and Alaska Native,Littlelight
American Indian and Alaska Native,Laughing
American Indian and Alaska Native,Whitehat
American Indian and Alaska Native,Eriacho
American Indian and Alaska Native,Runningcrane
American Indian and Alaska Native,Chinana
American Indian and Alaska Native,Kameroff
American Indian and Alaska Native,Spottedhorse
American Indian and Alaska Native,Arcoren
American Indian and Alaska Native,Whiteplume
American Indian and Alaska Native,Dayzie
American Indian and Alaska Native,Spottedeagle
American Indian and Alaska Native,Heavyrunner
American Indian and Alaska Native,Standingrock
American Indian and Alaska Native,Poorbear
American Indian and Alaska Native,Ganadonegro
American Indian and Alaska Native,Ayze
American Indian and Alaska Native,Whiteface
American Indian and Alaska Native,Yepa
American Indian and Alaska Native,Talayumptewa
American Indian and Alaska Native,Madplume
American Indian and Alaska Native,Bitsuie
American Indian and Alaska Native,Tsethlikai
American Indian and Alaska Native,Ahasteen
American Indian and Alaska Native,Dosela
American Indian and Alaska Native,Birdinground
American Indian and Alaska Native,Todacheenie
American Indian and Alaska Native,Bitsie
American Indian and Alaska Native,Todacheene
American Indian and Alaska Native,Bullbear
American Indian and Alaska Native,Lasiloo
American Indian and Alaska Native,Keyonnie
American Indian and Alaska Native,Notafraid
American Indian and Alaska Native,Colelay
American Indian and Alaska Native,Kallestewa
American Indian and Alaska Native,Littlewhiteman
Asian and Native Hawaiian and Other Pacific Islander,Nguyen
Asian and Native Hawaiian and Other Pacific Islander,Kim
Asian and Native Hawaiian and Other Pacific Islander,Patel
Asian and Native Hawaiian and Other Pacific Islander,Tran
Asian and Native Hawaiian and Other Pacific Islander,Chen
Asian and Native Hawaiian and Other Pacific Islander,Li
Asian and Native Hawaiian and Other Pacific Islander,Le
Asian and Native Hawaiian and Other Pacific Islander,Wang
Asian and Native Hawaiian and Other Pacific Islander,Yang
Asian and Native Hawaiian and Other Pacific Islander,Pham
Asian and Native Hawaiian and Other Pacific Islander,Lin
Asian and Native Hawaiian and Other Pacific Islander,Liu
Asian and Native Hawaiian and Other Pacific Islander,Huang
Asian and Native Hawaiian and Other Pacific Islander,Wu
Asian and Native Hawaiian and Other Pacific Islander,Zhang
Asian and Native Hawaiian and Other Pacific Islander,Shah
Asian and Native Hawaiian and Other Pacific Islander,Huynh
Asian and Native Hawaiian and Other Pacific Islander,Yu
Asian and Native Hawaiian and Other Pacific Islander,Choi
Asian and Native Hawaiian and Other Pacific Islander,Ho
Asian and Native Hawaiian and Other Pacific Islander,Kaur
Asian and Native Hawaiian and Other Pacific Islander,Vang
Asian and Native Hawaiian and Other Pacific Islander,Chung
Asian and Native Hawaiian and Other Pacific Islander,Truong
Asian and Native Hawaiian and Other Pacific Islander,Phan
Asian and Native Hawaiian and Other Pacific Islander,Xiong
Asian and Native Hawaiian and Other Pacific Islander,Lim
Asian and Native Hawaiian and Other Pacific Islander,Vo
Asian and Native Hawaiian and Other Pacific Islander,Vu
Asian and Native Hawaiian and Other Pacific Islander,Lu
Asian and Native Hawaiian and Other Pacific Islander,Tang
Asian and Native Hawaiian and Other Pacific Islander,Cho
Asian and Native Hawaiian and Other Pacific Islander,Ngo
Asian and Native Hawaiian and Other Pacific Islander,Cheng
Asian and Native Hawaiian and Other Pacific Islander,Kang
Asian and Native Hawaiian and Other Pacific Islander,Tan
Asian and Native Hawaiian and Other Pacific Islander,Ng
Asian and Native Hawaiian and Other Pacific Islander,Dang
Asian and Native Hawaiian and Other Pacific Islander,Do
Asian and Native Hawaiian and Other Pacific Islander,Ly
Asian and Native Hawaiian and Other Pacific Islander,Han
Asian and Native Hawaiian and Other Pacific Islander,Hoang
Asian and Native Hawaiian and Other Pacific Islander,Bui
Asian and Native Hawaiian and Other Pacific Islander,Sharma
Asian and Native Hawaiian and Other Pacific Islander,Chu
Asian and Native Hawaiian and Other Pacific Islander,Ma
Asian and Native Hawaiian and Other Pacific Islander,Xu
Asian and Native Hawaiian and Other Pacific Islander,Zheng
Asian and Native Hawaiian and Other Pacific Islander,Song
Asian and Native Hawaiian and Other Pacific Islander,Duong
Asian and Native Hawaiian and Other Pacific Islander,Liang
Asian and Native Hawaiian and Other Pacific Islander,Sun
Asian and Native Hawaiian and Other Pacific Islander,Zhou
Asian and Native Hawaiian and Other Pacific Islander,Thao
Asian and Native Hawaiian and Other Pacific Islander,Zhao
Asian and Native Hawaiian and Other Pacific Islander,Shin
Asian and Native Hawaiian and Other Pacific Islander,Zhu
Asian and Native Hawaiian and Other Pacific Islander,Leung
Asian and Native Hawaiian and Other Pacific Islander,Hu
Asian and Native Hawaiian and Other Pacific Islander,Jiang
Asian and Native Hawaiian and Other Pacific Islander,Lai
Asian and Native Hawaiian and Other Pacific Islander,Gupta
Asian and Native Hawaiian and Other Pacific Islander,Cheung
Asian and Native Hawaiian and Other Pacific Islander,Desai
Asian and Native Hawaiian and Other Pacific Islander,Oh
Asian and Native Hawaiian and Other Pacific Islander,Ha
Asian and Native Hawaiian and Other Pacific Islander,Cao
Asian and Native Hawaiian and Other Pacific Islander,Yi
Asian and Native Hawaiian and Other Pacific Islander,Hwang
Asian and Native Hawaiian and Other Pacific Islander,Lo
Asian and Native Hawaiian and Other Pacific Islander,Dinh
Asian and Native Hawaiian and Other Pacific Islander,Hsu
Asian and Native Hawaiian and Other Pacific Islander,Chau
Asian and Native Hawaiian and Other Pacific Islander,Yoon
Asian and Native Hawaiian and Other Pacific Islander,Luu
Asian and Native Hawaiian and Other Pacific Islander,Trinh
Asian and Native Hawaiian and Other Pacific Islander,He
Asian and Native Hawaiian and Other Pacific Islander,Her
Asian and Native Hawaiian and Other Pacific Islander,Luong
Asian and Native Hawaiian and Other Pacific Islander,Mehta
Asian and Native Hawaiian and Other Pacific Islander,Moua
Asian and Native Hawaiian and Other Pacific Islander,Tam
Asian and Native Hawaiian and Other Pacific Islander,Ko
Asian and Native Hawaiian and Other Pacific Islander,Kwon
Asian and Native Hawaiian and Other Pacific Islander,Yoo
Asian and Native Hawaiian and Other Pacific Islander,Chiu
Asian and Native Hawaiian and Other Pacific Islander,Su
Asian and Native Hawaiian and Other Pacific Islander,Shen
Asian and Native Hawaiian and Other Pacific Islander,Pan
Asian and Native Hawaiian and Other Pacific Islander,Dong
Asian and Native Hawaiian and Other Pacific Islander,Begum
Asian and Native Hawaiian and Other Pacific Islander,Gao
Asian and Native Hawaiian and Other Pacific Islander,Guo
Asian and Native Hawaiian and Other Pacific Islander,Chowdhury
Asian and Native Hawaiian and Other Pacific Islander,Vue
Asian and Native Hawaiian and Other Pacific Islander,Thai
Asian and Native Hawaiian and Other Pacific Islander,Jain
Asian and Native Hawaiian and Other Pacific Islander,Lor
Asian and Native Hawaiian and Other Pacific Islander,Yan
Asian and Native Hawaiian and Other Pacific Islander,Dao
Black or African American,Smalls
Black or African American,Jeanbaptiste
Black or African American,Diallo
Black or African American,Kamara
Black or African American,Pierrelouis
Black or African American,Gadson
Black or African American,Jeanlouis
Black or African American,Bah
Black or African American,Desir
Black or African American,Mensah
Black or African American,Boykins
Black or African American,Chery
Black or African American,Jeanpierre
Black or African American,Boateng
Black or African American,Owusu
Black or African American,Jama
Black or African American,Jalloh
Black or African American,Sesay
Black or African American,Ndiaye
Black or African American,Abdullahi
Black or African American,Wigfall
Black or African American,Bienaime
Black or African American,Diop
Black or African American,Edouard
Black or African American,Toure
Black or African American,Grandberry
Black or African American,Fluellen
Black or African American,Manigault
Black or African American,Abebe
Black or African American,Sow
Black or African American,Traore
Black or African American,Mondesir
Black or African American,Okafor
Black or African American,Bangura
Black or African American,Louissaint
Black or African American,Cisse
Black or African American,Osei
Black or African American,Calixte
Black or African American,Cephas
Black or African American,Belizaire
Black or African American,Fofana
Black or African American,Koroma
Black or African American,Conteh
Black or African American,Straughter
Black or African American,Jeancharles
Black or African American,Mwangi
Black or African American,Kebede
Black or African American,Mohamud
Black or African American,Prioleau
Black or African American,Yeboah
Black or African American,Appiah
Black or African American,Ajayi
Black or African American,Asante
Black or African American,Filsaime
Black or African American,Hardnett
Black or African American,Hyppolite
Black or African American,Saintlouis
Black or African American,Jeanfrancois
Black or African American,Ravenell
Black or African American,Keita
Black or African American,Bekele
Black or African American,Tadesse
Black or African American,Mayweather
Black or African American,Okeke
Black or African American,Asare
Black or African American,Ulysse
Black or African American,Saintil
Black or African American,Tesfaye
Black or African American,Jeanjacques
Black or African American,Ojo
Black or African American,Nwosu
Black or African American,Okoro
Black or African American,Fobbs
Black or African American,Kidane
Black or African American,Petitfrere
Black or African American,Yohannes
Black or African American,Warsame
Black or African American,Lawal
Black or African American,Desta
Black or African American,Veasley
Black or African American,Addo
Black or African American,Leaks
Black or African American,Gueye
Black or African American,Mekonnen
Black or African American,Stfleur
Black or African American,Balogun
Black or African American,Adjei
Black or African American,Opoku
Black or African American,Coaxum
Black or African American,Vassell
Black or African American,Prophete
Black or African American,Lesane
Black or African American,Metellus
Black or African American,Exantus
Black or African American,Hailu
Black or African American,Dorvil
Black or African American,Frimpong
Black or African American,Berhane
Black or African American,Njoroge
Black or African American,Beyene
Hispanic or Latino,Garcia
Hispanic or Latino,Rodriguez
Hispanic or Latino,Martinez
Hispanic or Latino,Hernandez
Hispanic or Latino,Lopez
Hispanic or Latino,Gonzalez
Hispanic or Latino,Perez
Hispanic or Latino,Sanchez
Hispanic or Latino,Ramirez
Hispanic or Latino,Torres
Hispanic or Latino,Flores
Hispanic or Latino,Rivera
Hispanic or Latino,Gomez
Hispanic or Latino,Diaz
Hispanic or Latino,Morales
Hispanic or Latino,Gutierrez
Hispanic or Latino,Ortiz
Hispanic or Latino,Chavez
Hispanic or Latino,Ruiz
Hispanic or Latino,Alvarez
Hispanic or Latino,Castillo
Hispanic or Latino,Jimenez
Hispanic or Latino,Vasquez
Hispanic or Latino,Moreno
Hispanic or Latino,Herrera
Hispanic or Latino,Medina
Hispanic or Latino,Aguilar
Hispanic or Latino,Vargas
Hispanic or Latino,Guzman
Hispanic or Latino,Mendez
Hispanic or Latino,Munoz
Hispanic or Latino,Salazar
Hispanic or Latino,Garza
Hispanic or Latino,Soto
Hispanic or Latino,Vazquez
Hispanic or Latino,Alvarado
Hispanic or Latino,Delgado
Hispanic or Latino,Pena
Hispanic or Latino,Contreras
Hispanic or Latino,Sandoval
Hispanic or Latino,Guerrero
Hispanic or Latino,Rios
Hispanic or Latino,Estrada
Hispanic or Latino,Ortega
Hispanic or Latino,Nunez
Hispanic or Latino,Maldonado
Hispanic or Latino,Dominguez
Hispanic or Latino,Vega
Hispanic or Latino,Espinoza
Hispanic or Latino,Rojas
Hispanic or Latino,Marquez
Hispanic or Latino,Padilla
Hispanic or Latino,Mejia
White,Olson
White,Snyder
White,Wagner
White,Meyer
White,Schmidt
White,Ryan
White,Hansen
White,Hoffman
White,Johnston
White,Larson
White,Carlson
White,Obrien
White,Jensen
White,Hanson
White,Weber
White,Walsh
White,Schultz
White,Schneider
White,Keller
White,Beck
White,Schwartz
White,Becker
White,Wolfe
White,Zimmerman
White,Mccarthy
White,Erickson
White,Klein
White,Oconnor
White,Swanson
White,Christensen
White,Fischer
White,Wolf
White,Gallagher
White,Schroeder
White,Parsons
White,Bauer
White,Mueller
White,Hartman
White,Kramer
White,Flynn
White,Owen
White,Shaffer
White,Hess
White,Olsen
White,Petersen
White,Roth
White,Hoover
White,Weiss
White,Decker
White,Yoder
White,Larsen
White,Sweeney
White,Foley
White,Hensley
White,Huffman
White,Cline
White,Oneill
White,Koch
White,Brennan
White,Berg
White,Russo
White,Macdonald
White,Kline
White,Jacobson
White,Berger
White,Blankenship
White,Bartlett
White,Odonnell
White,Stein
White,Stout
White,Sexton
White,Nielsen
White,Howe
White,Morse
White,Knapp
White,Herman
White,Stark
White,Hebert
White,Schaefer
White,Reilly
White,Conrad
White,Donovan
White,Mahoney
White,Hahn
White,Peck
White,Boyle
White,Hurley
White,Mayer
White,Mcmahon
White,Case
White,Duffy
White,Friedman
White,Fry
White,Dougherty
White,Crane
White,Huber
White,Moyer
White,Krueger
White,Rasmussen
White,Brandt
